ProductId,Gender,ColorGroup,ProductType
100326,erkek,bordo,sweatshirt
101284,kadin,bordo,spor-ayakkabi
101474,erkek,bej,kazak
101499,erkek,bej,kazak
101503,erkek,siyah,kazak
101504,erkek,yesil,kazak
101505,erkek,gri,kazak
101660,erkek,kahverengi,bot
102005,erkek,lacivert,sweatshirt
102629,erkek,lacivert,sweatshirt
103708,erkek,bordo,sweatshirt
104034,kadin,mavi,sweatshirt
104129,erkek,beyaz,hirka
104154,erkek,kahverengi,kazak
104643,kadin,mavi,kazak
104664,kadin,mavi,kazak
104701,erkek,kahverengi,kazak
104707,erkek,mavi,kazak
104777,erkek,beyaz,bot
105273,erkek,beyaz,bot
105275,erkek,lacivert,bot
105395,kadin,bordo,topuklu-ayakkabi
107422,erkek,bordo,sweatpant
107424,erkek,yesil,sweatpant
107783,erkek,yesil,kazak
107792,erkek,gri,hirka
107821,erkek,bordo,kazak
107825,erkek,bordo,kazak
107829,erkek,siyah,kazak
107830,erkek,lacivert,kazak
107841,erkek,mavi,kazak
108064,erkek,kahverengi,kazak
108065,erkek,mavi,kazak
108066,erkek,lacivert,kazak
108534,erkek,siyah,bot
108535,erkek,kahverengi,bot
108615,erkek,yesil,atlet
112168,kadin,yesil,kazak
112173,kadin,bej,kazak
112176,kadin,kahverengi,kazak
115399,erkek,lacivert,kazak
116150,kadin,bordo,sweatpant
119434,kadin,yesil,kazak
119440,kadin,yesil,hirka
122238,kadin,gri,tulum
122388,kadin,mavi,t-shirt
122986,kadin,yesil,kazak
123004,kadin,gri,kazak
123005,kadin,gri,kazak
125745,erkek,bordo,sweatshirt
125746,erkek,yesil,sweatshirt
134014,kadin,kahverengi,babet
134017,kadin,kahverengi,babet
136798,erkek,mavi,kazak
137437,kadin,bordo,sweatshirt
137438,kadin,lacivert,sweatshirt
139191,erkek,kahverengi,hirka
139197,erkek,yesil,yelek
139199,erkek,mavi,yelek
141047,kadin,kahverengi,t-shirt
141070,kadin,kahverengi,sweatshirt
141116,kadin,lacivert,atlet
141437,kadin,mavi,sweatshirt
142125,kadin,bej,sweatshirt
144332,kadin,bej,tulum
145453,kadin,gri,babet
146727,kadin,bej,tulum
147141,kadin,kahverengi,sort
149544,kadin,bordo,esofman-takim
149545,kadin,kahverengi,esofman-takim
154305,erkek,yesil,sweatshirt
158182,kadin,bordo,sort
170529,erkek,bordo,mont
216159,erkek,gri,kazak
216239,kadin,yesil,sweatshirt
216241,kadin,bordo,sweatshirt
216321,erkek,siyah,bot
216322,erkek,kahverengi,bot
216869,kadin,mavi,sort
216874,kadin,mavi,t-shirt
223061,erkek,lacivert,kazak
225468,kadin,bej,tulum
230863,kadin,kahverengi,tayt
230926,erkek,mavi,atlet
234579,kadin,bordo,esofman-takim
245666,erkek,kahverengi,esofman-alti
247789,kadin,kahverengi,babet
247970,kadin,gri,babet
345807,kadin,kahverengi,sort
354082,kadin,mavi,bot
354088,kadin,mavi,bot
355448,erkek,lacivert,atlet
355449,erkek,yesil,atlet
356941,kadin,mavi,babet
356980,kadin,mavi,babet
360556,kadin,kahverengi,tulum
361086,kadin,bordo,sort
371324,kadin,bordo,jean-pantolon
372409,kadin,kahverengi,sort
372763,erkek,kahverengi,sort
372767,erkek,kahverengi,sort
373068,kadin,bej,tulum
375953,erkek,gri,lifestyle-ayakkabi
382919,kadin,lacivert,bot
382927,kadin,kahverengi,topuklu-ayakkabi
383113,erkek,kahverengi,bot
383114,erkek,lacivert,bot
383119,erkek,siyah,bot
383120,erkek,kahverengi,bot
383136,kadin,gri,topuklu-ayakkabi
383267,kadin,bordo,babet
383354,kadin,lacivert,klasik-ayakkabi
383355,kadin,bordo,klasik-ayakkabi
383360,kadin,bordo,klasik-ayakkabi
383378,kadin,siyah,klasik-ayakkabi
383684,kadin,mavi,bot
389529,kadin,bej,jean-pantolon
389534,kadin,gri,topuklu-ayakkabi
389907,kadin,siyah,klasik-ayakkabi
391678,kadin,bordo,klasik-ayakkabi
391693,kadin,siyah,klasik-ayakkabi
391694,kadin,siyah,klasik-ayakkabi
392081,kadin,kahverengi,sweatshirt
392103,kadin,kahverengi,sweatshirt
392782,kadin,kahverengi,jean-pantolon
395104,kadin,kahverengi,sort
415574,kadin,mavi,bot
423268,kadin,kahverengi,spor-ayakkabi
427534,kadin,yesil,t-shirt
429893,kadin,siyah,klasik-ayakkabi
429932,kadin,gri,klasik-ayakkabi
430367,kadin,gri,klasik-ayakkabi
432721,erkek,lacivert,bot
432848,kadin,lacivert,klasik-ayakkabi
432851,kadin,bordo,klasik-ayakkabi
432936,kadin,kahverengi,sweatshirt
434520,erkek,bordo,yelek
434695,kadin,bordo,klasik-ayakkabi
434925,kadin,gri,klasik-ayakkabi
435063,kadin,bordo,yelek
435088,kadin,bej,jean-pantolon
435269,kadin,beyaz,klasik-ayakkabi
436091,kadin,kahverengi,sweatshirt
436159,kadin,kahverengi,yelek
438298,kadin,mavi,tulum
438911,erkek,bordo,bot
439164,kadin,kahverengi,tulum
447141,kadin,bej,esofman-takim
452061,erkek,beyaz,atlet
452062,erkek,lacivert,atlet
452063,erkek,beyaz,atlet
452066,erkek,mavi,atlet
453518,kadin,lacivert,tulum
453536,erkek,bordo,bot
453560,erkek,bordo,bot
456162,kadin,gri,tulum
456316,kadin,bordo,tulum
456628,kadin,kahverengi,yelek
460573,kadin,gri,etek
462269,erkek,bordo,spor-ayakkabi
463480,erkek,lacivert,atlet
463712,kadin,bordo,atlet
465954,kadin,kahverengi,topuklu-ayakkabi
470500,kadin,kahverengi,tulum
470513,kadin,beyaz,yelek
470661,kadin,kahverengi,yelek
470721,kadin,bordo,tulum
48048,erkek,beyaz,kazak
48059,erkek,beyaz,kazak
506421,erkek,beyaz,atlet
506889,kadin,beyaz,sort
508088,kadin,bej,jean-pantolon
510146,erkek,bej,takim-elbise
511542,kadin,beyaz,sort
511702,kadin,kahverengi,sort
511793,erkek,beyaz,atlet
511892,kadin,beyaz,sort
511992,erkek,bordo,sort
513991,erkek,bordo,sort
513994,erkek,bordo,sort
524491,kadin,bej,tayt
524494,kadin,bej,tayt
525072,kadin,kahverengi,etek
525535,kadin,kahverengi,yelek
528062,kadin,bej,sort
529417,kadin,beyaz,yelek
533359,kadin,gri,t-shirt
533782,kadin,lacivert,sort
534396,kadin,beyaz,t-shirt
535229,kadin,beyaz,bra
535337,kadin,beyaz,t-shirt
536260,kadin,bej,t-shirt
536720,kadin,kahverengi,tayt
536776,kadin,kahverengi,tayt
536846,kadin,mavi,t-shirt
537374,kadin,gri,t-shirt
537606,kadin,bordo,t-shirt
538241,kadin,beyaz,sort
538570,kadin,kahverengi,sweatshirt
538815,kadin,mavi,sort
539317,kadin,bej,sort
546836,kadin,yesil,sort
546963,kadin,yesil,atlet
547204,erkek,bordo,mont
547676,kadin,yesil,etek
547934,kadin,bordo,sweatshirt
547936,kadin,yesil,sweatshirt
547937,kadin,mavi,sweatshirt
548319,kadin,lacivert,sweatshirt
548322,kadin,mavi,sweatshirt
548529,kadin,bordo,tayt
548531,kadin,yesil,tayt
548532,kadin,beyaz,tayt
549734,erkek,kahverengi,kazak
552056,kadin,bej,tayt
555509,kadin,siyah,sort
556448,kadin,gri,bra
557876,erkek,beyaz,esofman-takim
558041,erkek,beyaz,atlet
558282,kadin,bej,t-shirt
558284,kadin,bej,sort
558643,erkek,beyaz,sort
558806,kadin,mavi,sort
559007,kadin,mavi,atlet
559011,kadin,lacivert,atlet
559272,kadin,bej,sort
559287,kadin,bej,sort
559332,kadin,gri,sort
559823,erkek,siyah,sort
559998,erkek,kahverengi,sort
561049,unisex,beyaz,esofman-takim
562928,kadin,beyaz,tayt
562953,kadin,beyaz,bra
565315,kadin,bordo,sweatshirt
566097,erkek,bordo,yelek
566173,erkek,gri,kazak
566177,erkek,bordo,kazak
566178,erkek,siyah,kazak
566207,erkek,bordo,kazak
566220,kadin,mavi,kazak
567937,kadin,beyaz,tayt
569029,kadin,bordo,tayt
569474,erkek,bordo,esofman-takim
569568,kadin,yesil,atlet
569748,kadin,bordo,jean-pantolon
569755,kadin,kahverengi,jean-pantolon
570889,kadin,beyaz,tayt
571035,kadin,yesil,bra
571980,kadin,gri,sort
573221,kadin,bej,jean-pantolon
573854,kadin,kahverengi,sort
574029,kadin,kahverengi,etek
574094,erkek,bordo,pantolon
574530,kadin,lacivert,babet
577125,kadin,bordo,tulum
577846,kadin,gri,babet
578304,erkek,bordo,sort
578811,kadin,mavi,tulum
579114,kadin,gri,sort
579115,kadin,kahverengi,sort
579153,kadin,beyaz,bra
581409,erkek,bordo,sort
582207,kadin,gri,sort
582986,kadin,lacivert,zip-ceket
583128,kadin,beyaz,yelek
583541,kadin,mavi,yelek
584188,kadin,bej,tayt
586821,kadin,yesil,babet
587024,kadin,yesil,atlet
589070,erkek,bordo,sweatshirt
589089,erkek,mavi,sweatpant
589329,kadin,bordo,tayt
589791,kadin,bordo,ceket
592052,kadin,lacivert,babet
592054,kadin,mavi,babet
592862,kadin,bordo,sort
593444,kadin,lacivert,atlet
593704,erkek,kahverengi,sort
593710,erkek,kahverengi,sort
595283,kadin,gri,babet
595327,kadin,bordo,tulum
595481,kadin,beyaz,tulum
596945,kadin,beyaz,tulum
597557,kadin,bej,t-shirt
597559,kadin,bej,t-shirt
597582,kadin,bej,sort
598563,kadin,lacivert,babet
599159,erkek,bordo,sort
599380,erkek,bordo,sort
599475,erkek,bej,sort
599671,kadin,beyaz,tulum
599997,kadin,gri,t-shirt
599999,kadin,bordo,sweatshirt
600848,erkek,kahverengi,sort
601405,kadin,mavi,yelek
602455,kadin,mavi,tulum
602571,kadin,gri,sort
602580,kadin,bej,etek
602812,kadin,beyaz,tulum
603415,kadin,gri,tulum
603638,kadin,beyaz,esofman-takim
603639,kadin,yesil,esofman-takim
604224,erkek,lacivert,atlet
604225,erkek,mavi,atlet
604342,erkek,kahverengi,sort
604589,kadin,gri,tulum
607573,kadin,kahverengi,t-shirt
608045,kadin,yesil,sort
608046,kadin,siyah,sort
608182,kadin,beyaz,tulum
608382,kadin,yesil,tulum
608386,kadin,bej,sort
609338,kadin,bordo,sort
609376,kadin,yesil,tulum
609890,erkek,gri,sort
609962,kadin,siyah,sort
610928,kadin,beyaz,tayt
611299,kadin,kahverengi,lifestyle-ayakkabi
611784,kadin,beyaz,esofman-takim
611852,erkek,beyaz,sort
611968,kadin,yesil,tayt
611970,kadin,lacivert,tayt
611979,kadin,lacivert,zip-ceket
612505,kadin,beyaz,yelek
612721,kadin,yesil,bot
612758,kadin,bordo,jean-pantolon
613355,kadin,lacivert,tulum
614786,kadin,mavi,sweatpant
615387,erkek,gri,mont
616356,kadin,yesil,yelek
616837,kadin,bordo,topuklu-ayakkabi
618315,erkek,gri,kazak
618324,kadin,mavi,kazak
618502,kadin,bej,tulum
619266,kadin,mavi,bra
619308,kadin,yesil,tayt
619513,kadin,kahverengi,ceket
619748,erkek,bej,sweatshirt
620297,erkek,bej,lifestyle-ayakkabi
620362,kadin,kahverengi,lifestyle-ayakkabi
620765,kadin,bordo,jean-pantolon
621076,erkek,kahverengi,esofman-alti
621926,kadin,bej,etek
621935,kadin,bej,sweatshirt
621938,kadin,bej,sweatshirt
621979,kadin,kahverengi,etek
622260,kadin,bej,t-shirt
623062,kadin,bordo,babet
623064,kadin,lacivert,babet
623941,kadin,bordo,yelek
624266,kadin,bej,yelek
625561,erkek,bej,sweatshirt
625723,kadin,gri,bra
625727,kadin,yesil,sort
625849,erkek,bordo,sweatpant
626019,erkek,bej,sweatpant
626265,kadin,bej,yelek
626573,kadin,yesil,sweatpant
626586,kadin,bordo,bra
626587,kadin,bej,bra
627289,kadin,lacivert,t-shirt
627291,kadin,lacivert,tayt
627364,kadin,mavi,sort
627389,kadin,yesil,jean-pantolon
627425,erkek,kahverengi,sweatshirt
627482,kadin,mavi,sweatpant
628169,erkek,mavi,bot
628261,erkek,beyaz,sweatpant
629403,erkek,bej,bot
629489,kadin,bej,bot
629631,erkek,mavi,bot
629924,kadin,lacivert,zip-ceket
630024,kadin,beyaz,zip-ceket
630030,kadin,bordo,t-shirt
630114,kadin,beyaz,jean-pantolon
630382,kadin,yesil,jean-pantolon
630577,erkek,kahverengi,jean-pantolon
630670,kadin,mavi,sweatpant
630672,kadin,bordo,sweatpant
630674,kadin,lacivert,sweatpant
630758,kadin,gri,sort
631017,kadin,lacivert,tulum
631325,erkek,mavi,esofman-alti
631419,erkek,bej,sweatshirt
631586,kadin,gri,tulum
631587,kadin,bordo,tulum
631589,kadin,yesil,tulum
631593,kadin,mavi,tulum
631613,kadin,siyah,tulum
631627,kadin,bej,ceket
631672,kadin,lacivert,t-shirt
631674,kadin,lacivert,zip-ceket
633727,kadin,kahverengi,bot
633759,erkek,mavi,bot
634354,erkek,kahverengi,sweatshirt
634356,erkek,kahverengi,sweatshirt
634380,kadin,bordo,tayt
634792,erkek,bordo,takim-elbise
634799,erkek,kahverengi,takim-elbise
634998,erkek,mavi,esofman-takim
635407,kadin,bej,lifestyle-ayakkabi
635589,kadin,yesil,atlet
635590,kadin,lacivert,atlet
635927,erkek,bordo,mont
636332,erkek,bordo,takim-elbise
636333,erkek,kahverengi,takim-elbise
636566,kadin,yesil,esofman-alti
636722,kadin,bordo,ceket
637226,kadin,beyaz,sweatshirt
637439,kadin,gri,ayakkabi
637676,erkek,beyaz,yelek
637707,kadin,yesil,babet
637997,erkek,yesil,esofman-alti
638151,erkek,beyaz,esofman-takim
638236,erkek,bordo,bot
638533,erkek,bej,bot
638603,kadin,bordo,babet
638735,erkek,beyaz,takim-elbise
638824,erkek,bordo,takim-elbise
638839,erkek,bej,bot
638911,kadin,yesil,sweatshirt
639554,kadin,yesil,yelek
639556,kadin,lacivert,yelek
639557,kadin,mavi,yelek
639584,kadin,kahverengi,yelek
639858,kadin,mavi,esofman-takim
640376,kadin,gri,tayt
640395,kadin,bej,yelek
640473,erkek,bej,bot
640547,erkek,mavi,bot
640638,erkek,bordo,ayakkabi
640846,kadin,yesil,sweatshirt
640901,kadin,yesil,tayt
640903,kadin,kahverengi,tayt
640906,kadin,beyaz,tayt
641154,kadin,yesil,yelek
641166,kadin,bordo,yelek
641167,kadin,lacivert,yelek
641763,kadin,lacivert,yelek
641970,kadin,beyaz,polar-sweatshirt
642011,kadin,yesil,yelek
642981,kadin,yesil,lifestyle-ayakkabi
643955,erkek,kahverengi,takim-elbise
644242,erkek,bej,lifestyle-ayakkabi
644290,kadin,bordo,yelek
644291,kadin,mavi,yelek
644798,erkek,bordo,bot
645118,kadin,bej,etek
645119,kadin,bordo,etek
645176,kadin,kahverengi,pantolon
645178,kadin,kahverengi,ceket
645284,kadin,beyaz,atlet
645285,kadin,mavi,atlet
645286,kadin,beyaz,atlet
645287,kadin,beyaz,atlet
645311,kadin,gri,bra
645316,kadin,siyah,bra
645318,kadin,siyah,bra
645319,kadin,gri,bra
645330,kadin,siyah,bra
645331,kadin,siyah,bra
645448,erkek,bordo,pantolon
645482,kadin,kahverengi,pantolon
645484,kadin,beyaz,yelek
646188,kadin,kahverengi,etek
646193,kadin,mavi,polar-sweatshirt
646287,kadin,kahverengi,ceket
646362,kadin,bej,sweatshirt
646770,kadin,bordo,lifestyle-ayakkabi
646863,erkek,gri,bot
647011,kadin,bej,tayt
647101,kadin,bej,ceket
647158,kadin,bordo,lifestyle-ayakkabi
647242,erkek,kahverengi,sweatshirt
647245,kadin,lacivert,bot
647345,erkek,gri,bot
647425,kadin,mavi,polar-sweatshirt
647485,erkek,bordo,takim-elbise
647515,erkek,gri,bot
647987,erkek,beyaz,sweatshirt
648143,kadin,kahverengi,ceket
648182,kadin,kahverengi,elbise
648514,erkek,bordo,ayakkabi
648552,kadin,siyah,tulum
649272,erkek,kahverengi,sweatshirt
649392,erkek,mavi,bot
649942,kadin,yesil,lifestyle-ayakkabi
649957,kadin,kahverengi,lifestyle-ayakkabi
650490,kadin,lacivert,bot
650499,kadin,beyaz,polar-sweatshirt
650556,kadin,beyaz,jean-pantolon
650680,kadin,siyah,tulum
650744,kadin,kahverengi,t-shirt
650877,kadin,kahverengi,ceket
651074,kadin,gri,bra
651075,kadin,gri,tayt
651077,kadin,gri,tayt
651216,kadin,yesil,bot
651239,kadin,siyah,bot
651240,kadin,siyah,bot
651241,kadin,siyah,bot
651309,kadin,kahverengi,elbise
651459,kadin,beyaz,bot
651869,kadin,siyah,bot
652233,kadin,siyah,bot
652236,kadin,gri,bot
652238,kadin,beyaz,bot
652777,kadin,gri,yelek
652781,kadin,kahverengi,pantolon
652819,kadin,bej,yelek
653156,erkek,lacivert,bot
653170,kadin,kahverengi,outdoor-ayakkabi
653227,erkek,yesil,bot
653381,kadin,bej,bot
653902,erkek,bej,takim-elbise
653958,erkek,yesil,bot
653987,kadin,kahverengi,bot
654006,kadin,gri,yelek
654007,kadin,kahverengi,pantolon
654224,erkek,bej,sweatshirt
654259,kadin,kahverengi,tayt
654905,kadin,bej,bot
654909,erkek,bej,sweatshirt
654939,kadin,bej,bot
655030,erkek,lacivert,bot
655322,kadin,kahverengi,pantolon
655701,kadin,gri,yelek
655733,kadin,bej,ceket
656225,erkek,kahverengi,lifestyle-ayakkabi
656514,kadin,kahverengi,t-shirt
656552,kadin,gri,sweatpant
656561,kadin,gri,yelek
656576,kadin,gri,bot
656613,kadin,bordo,tayt
657547,erkek,beyaz,yelek
657602,erkek,kahverengi,yelek
657614,kadin,mavi,sweatshirt
657685,kadin,bordo,etek
658113,kadin,lacivert,yelek
658340,kadin,kahverengi,bot
658341,kadin,lacivert,bot
658954,erkek,bordo,takim-elbise
658970,erkek,beyaz,sweatshirt
659490,erkek,bordo,sweatshirt
659491,erkek,yesil,sweatshirt
659492,erkek,kahverengi,sweatshirt
659493,erkek,mavi,sweatshirt
659503,erkek,gri,mont
659714,erkek,mavi,kazak
659806,kadin,yesil,t-shirt
659882,erkek,bej,bot
660123,erkek,yesil,sweatshirt
660415,kadin,kahverengi,kazak
660472,erkek,beyaz,mont
660488,erkek,siyah,yelek
660558,erkek,bordo,mont
660570,erkek,bordo,sweatshirt
660786,kadin,bej,sweatshirt
660933,kadin,kahverengi,hirka
660938,kadin,bej,kazak
661009,kadin,gri,kazak
661047,erkek,kahverengi,takim-elbise
661172,kadin,yesil,bot
661174,erkek,beyaz,bot
661470,erkek,gri,bot
661488,erkek,beyaz,ceket
661543,erkek,gri,bot
661608,kadin,gri,bot
661709,kadin,yesil,bot
661712,kadin,yesil,bot
661794,kadin,gri,yelek
661835,kadin,bej,spor-ayakkabi
661859,kadin,kahverengi,bot
661911,kadin,bordo,bot
661918,kadin,bordo,bot
661926,kadin,gri,bot
662006,erkek,mavi,esofman-alti
662049,erkek,bordo,pantolon
662098,kadin,gri,atlet
662100,kadin,gri,atlet
662111,kadin,lacivert,tayt
662113,kadin,yesil,tayt
662139,kadin,yesil,tulum
662153,kadin,bordo,bot
662157,kadin,kahverengi,bot
662190,kadin,bordo,bot
662542,erkek,kahverengi,yelek
662647,erkek,kahverengi,yelek
662807,erkek,yesil,bot
662822,kadin,bordo,yelek
663002,kadin,beyaz,bot
663003,kadin,beyaz,bot
663069,kadin,gri,bot
663361,kadin,lacivert,sweatpant
663375,kadin,lacivert,tayt
663416,kadin,lacivert,t-shirt
663542,erkek,kahverengi,mont
663550,kadin,kahverengi,tayt
663552,kadin,lacivert,tayt
663714,erkek,kahverengi,yelek
663719,erkek,bordo,sweatshirt
663853,erkek,kahverengi,mont
663854,kadin,yesil,lifestyle-ayakkabi
663962,erkek,bej,kazak
664017,kadin,bordo,etek
664047,erkek,beyaz,mont
664070,erkek,kahverengi,ceket
664167,kadin,mavi,tayt
664168,kadin,kahverengi,tayt
664380,erkek,kahverengi,t-shirt
664558,erkek,mavi,mont
664622,erkek,beyaz,mont
664712,kadin,bej,bot
664883,erkek,mavi,esofman-alti
664888,kadin,gri,esofman-alti
664910,erkek,bordo,sweatshirt
664952,kadin,kahverengi,etek
665157,kadin,yesil,t-shirt
665165,kadin,yesil,tayt
665168,kadin,yesil,tayt
665172,kadin,yesil,zip-ceket
665173,kadin,mavi,zip-ceket
665320,erkek,yesil,mont
665467,kadin,siyah,t-shirt
665475,kadin,siyah,sort
665953,erkek,beyaz,sweatshirt
665967,erkek,kahverengi,pantolon
666019,kadin,yesil,elbise
666828,erkek,beyaz,kazak
666846,erkek,gri,mont
666940,kadin,beyaz,tayt
667040,erkek,kahverengi,mont
667066,erkek,bej,kazak
667068,erkek,gri,mont
667070,erkek,kahverengi,mont
667074,erkek,yesil,sweatshirt
667250,erkek,bordo,pantolon
667343,erkek,bej,pantolon
667344,erkek,bej,pantolon
667347,erkek,beyaz,sort
667368,kadin,bordo,lifestyle-ayakkabi
667490,kadin,siyah,tulum
667629,kadin,kahverengi,elbise
667712,erkek,yesil,sweatpant
667754,erkek,bej,pantolon
667755,erkek,bej,pantolon
668421,erkek,beyaz,sweatshirt
668423,erkek,beyaz,sweatshirt
668470,kadin,siyah,tayt
668481,kadin,lacivert,esofman-alti
668567,kadin,gri,sweatshirt
668643,kadin,lacivert,lifestyle-ayakkabi
668662,kadin,lacivert,sweatshirt
668676,kadin,lacivert,sweatshirt
668807,erkek,lacivert,atlet
668940,kadin,siyah,sort
669081,kadin,bej,sort
669195,kadin,gri,esofman-alti
669212,erkek,mavi,sweatshirt
669558,kadin,yesil,jean-pantolon
669578,kadin,yesil,sweatshirt
669618,kadin,mavi,tayt
669670,kadin,gri,etek
669726,kadin,gri,sweatpant
669746,kadin,siyah,atlet
669747,kadin,mavi,atlet
669748,kadin,siyah,atlet
669754,kadin,kahverengi,tayt
669755,kadin,mavi,tayt
669912,erkek,bordo,pantolon
669914,erkek,siyah,pantolon
670009,erkek,bej,mont
670142,kadin,beyaz,atlet
670155,kadin,bordo,lifestyle-ayakkabi
670194,kadin,siyah,atlet
670195,kadin,yesil,sweatshirt
670199,kadin,yesil,sort
670200,kadin,yesil,t-shirt
670206,kadin,gri,tayt
670211,kadin,yesil,esofman-alti
670220,kadin,yesil,zip-ceket
670231,kadin,mavi,t-shirt
670248,erkek,bej,pantolon
670273,erkek,bej,lifestyle-ayakkabi
670313,kadin,bej,lifestyle-ayakkabi
670467,kadin,lacivert,esofman-alti
670570,erkek,bordo,pantolon
670578,erkek,bej,sort
670580,erkek,siyah,sort
670598,erkek,yesil,sweatshirt
670834,kadin,bej,pantolon
670909,erkek,beyaz,sweatshirt
670916,kadin,gri,sweatshirt
670918,kadin,siyah,sweatshirt
670919,kadin,gri,sweatshirt
670948,kadin,gri,t-shirt
670958,kadin,mavi,t-shirt
670963,kadin,mavi,tayt
670966,kadin,siyah,tayt
670968,kadin,siyah,tayt
670973,erkek,beyaz,esofman-alti
670982,kadin,beyaz,esofman-alti
670988,kadin,siyah,zip-ceket
670990,kadin,gri,zip-ceket
670992,kadin,siyah,zip-ceket
671005,kadin,yesil,lifestyle-ayakkabi
671045,kadin,yesil,lifestyle-ayakkabi
671535,kadin,yesil,sweatshirt
672061,erkek,yesil,esofman-alti
672862,kadin,bej,babet
672879,kadin,gri,ceket
672885,kadin,mavi,sort
672907,kadin,yesil,jean-pantolon
673244,kadin,yesil,spor-ayakkabi
673363,erkek,gri,pantolon
673791,kadin,gri,elbise
673822,kadin,beyaz,tayt
673868,kadin,beyaz,sweatshirt
673880,kadin,yesil,sweatshirt
674288,kadin,bordo,jean-pantolon
674291,kadin,bordo,etek
674418,erkek,yesil,t-shirt
674428,erkek,lacivert,t-shirt
674641,erkek,yesil,ceket
674651,kadin,bej,babet
674657,kadin,mavi,babet
674681,kadin,kahverengi,bluz
674896,erkek,lacivert,sweatshirt
675254,kadin,beyaz,babet
675255,kadin,beyaz,babet
675274,kadin,yesil,ayakkabi
675294,kadin,kahverengi,lifestyle-ayakkabi
675309,kadin,bej,lifestyle-ayakkabi
675557,erkek,lacivert,sweatpant
675562,erkek,lacivert,sweatshirt
675563,erkek,yesil,sweatshirt
676168,erkek,bordo,ayakkabi
676199,erkek,mavi,gomlek
676399,erkek,kahverengi,lifestyle-ayakkabi
676404,erkek,kahverengi,lifestyle-ayakkabi
676784,erkek,beyaz,mont
677062,kadin,mavi,ceket
677222,erkek,bordo,lifestyle-ayakkabi
677481,erkek,gri,sort
677501,kadin,kahverengi,atlet
677571,kadin,yesil,ayakkabi
677767,kadin,yesil,lifestyle-ayakkabi
677769,kadin,bej,lifestyle-ayakkabi
677770,kadin,bordo,lifestyle-ayakkabi
677798,erkek,bordo,ceket
677801,erkek,beyaz,mont
677818,erkek,siyah,mont
678152,erkek,bej,lifestyle-ayakkabi
678171,erkek,bordo,lifestyle-ayakkabi
678222,kadin,yesil,etek
678250,erkek,bordo,sort
678273,erkek,yesil,pantolon
678346,erkek,mavi,pantolon
678680,kadin,lacivert,lifestyle-ayakkabi
678681,kadin,lacivert,lifestyle-ayakkabi
678707,kadin,gri,babet
678816,erkek,siyah,lifestyle-ayakkabi
678817,kadin,lacivert,lifestyle-ayakkabi
679094,erkek,yesil,mont
679095,erkek,bej,mont
679098,erkek,yesil,pantolon
679108,kadin,gri,tayt
679168,erkek,yesil,sweatshirt
679187,erkek,siyah,mont
679192,erkek,bej,ceket
679254,kadin,siyah,yelek
679504,erkek,bordo,ceket
679505,erkek,bej,ceket
679506,erkek,gri,ceket
679688,erkek,mavi,mont
679692,erkek,mavi,mont
679702,erkek,siyah,mont
679720,kadin,gri,t-shirt
679753,kadin,mavi,outdoor-ayakkabi
679757,erkek,kahverengi,outdoor-ayakkabi
679876,erkek,beyaz,yelek
679917,erkek,kahverengi,ayakkabi
679936,erkek,mavi,lifestyle-ayakkabi
680062,kadin,lacivert,babet
680067,kadin,bej,babet
680271,kadin,yesil,etek
680299,erkek,bej,sweatshirt
680300,erkek,lacivert,sweatshirt
680303,erkek,bej,sweatshirt
680304,erkek,lacivert,sweatshirt
680307,erkek,gri,sweatshirt
680308,erkek,mavi,sweatshirt
680350,erkek,bordo,t-shirt
680405,erkek,gri,ceket
680443,erkek,yesil,pantolon
680548,kadin,siyah,babet
680617,erkek,siyah,pantolon
680658,erkek,bej,pantolon
680717,kadin,siyah,atlet
680723,kadin,kahverengi,esofman-alti
680725,kadin,beyaz,t-shirt
680727,kadin,gri,t-shirt
680728,erkek,bej,lifestyle-ayakkabi
680755,kadin,lacivert,lifestyle-ayakkabi
680771,erkek,mavi,lifestyle-ayakkabi
681117,erkek,gri,ceket
681149,erkek,kahverengi,t-shirt
681370,kadin,siyah,babet
681371,kadin,beyaz,babet
681379,kadin,siyah,babet
681605,kadin,siyah,tayt
681657,kadin,beyaz,ceket
681683,kadin,siyah,bra
681739,kadin,mavi,t-shirt
681773,kadin,beyaz,etek
681799,kadin,mavi,elbise
681800,kadin,beyaz,pantolon
681860,kadin,yesil,ayakkabi
681932,kadin,siyah,esofman-alti
681934,kadin,siyah,esofman-alti
681935,kadin,siyah,esofman-alti
681936,kadin,siyah,esofman-alti
681937,kadin,beyaz,esofman-alti
681945,kadin,mavi,lifestyle-ayakkabi
681955,erkek,bordo,lifestyle-ayakkabi
681956,kadin,beyaz,lifestyle-ayakkabi
681982,erkek,gri,lifestyle-ayakkabi
681983,erkek,yesil,lifestyle-ayakkabi
682062,erkek,siyah,atlet
682063,erkek,siyah,atlet
682064,erkek,siyah,atlet
682065,erkek,gri,atlet
682155,kadin,bej,spor-ayakkabi
682170,kadin,bej,spor-ayakkabi
682172,kadin,bej,spor-ayakkabi
682194,kadin,beyaz,babet
682427,erkek,bej,ceket
682502,erkek,beyaz,sort
682508,erkek,lacivert,sort
684806,erkek,kahverengi,t-shirt
684859,kadin,yesil,tulum
684944,erkek,yesil,mont
684958,kadin,beyaz,sweatshirt
684965,erkek,bej,takim-elbise
684975,erkek,siyah,ceket
684977,erkek,yesil,ceket
684978,erkek,bej,ceket
684982,erkek,bej,ceket
685048,erkek,lacivert,t-shirt
685082,erkek,mavi,takim-elbise
685099,erkek,mavi,takim-elbise
685131,erkek,beyaz,sort
685229,kadin,mavi,etek
685230,kadin,siyah,etek
685365,erkek,gri,ceket
685366,erkek,yesil,sweatpant
685381,erkek,yesil,mont
685422,erkek,lacivert,sweatshirt
685445,erkek,bordo,lifestyle-ayakkabi
685564,kadin,bordo,ayakkabi
685577,kadin,mavi,babet
685650,erkek,bordo,ayakkabi
685903,kadin,lacivert,ayakkabi
685904,kadin,lacivert,ayakkabi
686282,erkek,gri,mont
686283,erkek,siyah,mont
686284,erkek,bej,sort
686324,kadin,kahverengi,ayakkabi
686328,kadin,kahverengi,ayakkabi
686347,erkek,mavi,takim-elbise
686484,kadin,bej,t-shirt
686490,erkek,yesil,sort
686517,erkek,bej,sort
686522,erkek,bej,sort
686536,erkek,yesil,lifestyle-ayakkabi
686538,erkek,yesil,lifestyle-ayakkabi
686540,erkek,yesil,lifestyle-ayakkabi
686581,erkek,mavi,lifestyle-ayakkabi
686583,kadin,beyaz,lifestyle-ayakkabi
686587,kadin,gri,lifestyle-ayakkabi
686609,kadin,yesil,ceket
686618,kadin,gri,spor-ayakkabi
686637,kadin,beyaz,ceket
686640,kadin,gri,elbise
686690,erkek,yesil,lifestyle-ayakkabi
686695,erkek,lacivert,lifestyle-ayakkabi
686702,erkek,lacivert,lifestyle-ayakkabi
686704,erkek,lacivert,lifestyle-ayakkabi
686706,erkek,beyaz,lifestyle-ayakkabi
686707,erkek,lacivert,lifestyle-ayakkabi
686720,kadin,siyah,yelek
686727,kadin,beyaz,sweatshirt
686750,erkek,beyaz,lifestyle-ayakkabi
686752,erkek,beyaz,lifestyle-ayakkabi
686753,erkek,gri,lifestyle-ayakkabi
686755,erkek,lacivert,lifestyle-ayakkabi
686756,erkek,siyah,lifestyle-ayakkabi
686757,erkek,gri,lifestyle-ayakkabi
686759,erkek,beyaz,lifestyle-ayakkabi
686760,erkek,siyah,lifestyle-ayakkabi
686774,kadin,bordo,spor-ayakkabi
686804,kadin,bordo,ayakkabi
686839,erkek,mavi,outdoor-ayakkabi
686840,erkek,gri,outdoor-ayakkabi
686847,erkek,beyaz,lifestyle-ayakkabi
686848,erkek,siyah,lifestyle-ayakkabi
686849,erkek,siyah,lifestyle-ayakkabi
686851,kadin,mavi,lifestyle-ayakkabi
686854,kadin,bordo,lifestyle-ayakkabi
686855,kadin,kahverengi,lifestyle-ayakkabi
686858,kadin,mavi,lifestyle-ayakkabi
686860,erkek,bordo,lifestyle-ayakkabi
686861,erkek,mavi,lifestyle-ayakkabi
686865,kadin,mavi,lifestyle-ayakkabi
686866,kadin,gri,lifestyle-ayakkabi
686906,kadin,bej,bluz
686927,kadin,lacivert,etek
687036,kadin,gri,spor-ayakkabi
687136,erkek,beyaz,spor-ayakkabi
687159,kadin,siyah,spor-ayakkabi
687160,kadin,bej,spor-ayakkabi
687378,kadin,lacivert,ayakkabi
687402,erkek,mavi,takim-elbise
687406,erkek,lacivert,spor-ayakkabi
687455,kadin,bordo,ayakkabi
687709,erkek,lacivert,sort
687710,erkek,yesil,sort
687712,kadin,bej,t-shirt
687738,kadin,bej,t-shirt
687741,kadin,bej,t-shirt
687747,erkek,mavi,mont
687767,erkek,siyah,esofman-alti
687770,erkek,gri,esofman-alti
687772,erkek,gri,esofman-alti
687773,erkek,gri,esofman-alti
687869,erkek,lacivert,esofman-alti
687884,erkek,mavi,ceket
687920,kadin,gri,sweatshirt
687966,kadin,yesil,ceket
688022,kadin,bej,pantolon
688236,erkek,beyaz,pantolon
688408,kadin,lacivert,ayakkabi
688411,erkek,mavi,ceket
688440,erkek,siyah,ceket
688462,kadin,lacivert,etek
688463,kadin,siyah,ceket
688583,kadin,yesil,ayakkabi
688585,kadin,bej,ayakkabi
689150,kadin,mavi,sort
689165,kadin,bej,ayakkabi
689183,erkek,lacivert,spor-ayakkabi
689191,kadin,siyah,esofman-alti
689202,erkek,gri,ceket
689264,erkek,gri,takim-elbise
689395,kadin,mavi,t-shirt
689512,kadin,mavi,sort
689866,kadin,beyaz,spor-ayakkabi
689897,erkek,gri,atlet
689915,erkek,kahverengi,t-shirt
689968,erkek,siyah,esofman-alti
690016,erkek,siyah,mont
690035,kadin,gri,spor-ayakkabi
690075,erkek,beyaz,sort
690104,erkek,mavi,spor-ayakkabi
690108,erkek,mavi,spor-ayakkabi
690121,kadin,kahverengi,spor-ayakkabi
690127,erkek,mavi,spor-ayakkabi
690189,erkek,gri,atlet
690190,erkek,yesil,atlet
690243,erkek,gri,sort
690244,erkek,yesil,sort
690253,erkek,yesil,pantolon
690255,erkek,gri,pantolon
690282,erkek,kahverengi,t-shirt
690583,kadin,kahverengi,bluz
690618,erkek,bej,t-shirt
690684,kadin,siyah,babet
690685,kadin,bej,babet
690789,kadin,mavi,ceket
690907,erkek,siyah,esofman-alti
690926,erkek,lacivert,esofman-takim
690936,kadin,mavi,spor-ayakkabi
691068,erkek,lacivert,ceket
691069,erkek,siyah,ceket
691139,kadin,yesil,sort
691182,kadin,beyaz,sort
691289,erkek,siyah,pantolon
691321,kadin,mavi,ayakkabi
691347,kadin,yesil,ceket
691447,kadin,mavi,ceket
691567,erkek,bej,mont
691595,erkek,gri,sweatshirt
691653,erkek,lacivert,mont
691735,erkek,beyaz,sort
692030,kadin,gri,spor-ayakkabi
692053,kadin,kahverengi,hirka
692054,kadin,beyaz,kazak
692055,kadin,beyaz,sweatshirt
692056,kadin,siyah,sweatshirt
692057,kadin,siyah,sweatshirt
692087,erkek,lacivert,esofman-alti
692264,kadin,beyaz,jean-pantolon
692273,kadin,gri,elbise
692277,kadin,lacivert,etek
692278,kadin,gri,etek
692285,kadin,lacivert,tulum
692305,kadin,bej,spor-ayakkabi
692322,erkek,bej,mont
692351,kadin,bej,elbise
692354,kadin,bej,ayakkabi
692387,erkek,gri,ayakkabi
692458,kadin,mavi,sort
692460,kadin,siyah,t-shirt
692461,kadin,mavi,t-shirt
692464,kadin,siyah,zip-ceket
692465,kadin,gri,zip-ceket
692470,erkek,siyah,gomlek
692475,erkek,mavi,gomlek
692502,erkek,gri,spor-ayakkabi
692821,kadin,bordo,ceket
692824,kadin,bordo,elbise
692834,kadin,yesil,elbise
692853,erkek,kahverengi,spor-ayakkabi
692856,erkek,yesil,spor-ayakkabi
692940,kadin,lacivert,hirka
692963,kadin,mavi,ayakkabi
693026,kadin,lacivert,ayakkabi
693027,kadin,gri,ayakkabi
693066,kadin,yesil,t-shirt
693068,kadin,siyah,tayt
693069,kadin,yesil,t-shirt
693070,kadin,gri,t-shirt
693075,kadin,lacivert,tayt
693119,kadin,mavi,tulum
693169,kadin,yesil,sort
693170,kadin,lacivert,sort
693172,kadin,gri,bluz
693200,erkek,gri,sort
693236,kadin,lacivert,sort
693244,erkek,lacivert,mont
693302,erkek,yesil,pantolon
693304,erkek,beyaz,pantolon
693306,erkek,lacivert,pantolon
693318,erkek,bej,sort
693319,erkek,mavi,sort
693382,kadin,gri,sweatshirt
693436,erkek,bej,gomlek
693439,kadin,yesil,etek
693442,erkek,bordo,kazak
693443,erkek,bej,takim-elbise
693476,erkek,mavi,ceket
693542,erkek,gri,takim-elbise
693543,erkek,lacivert,ceket
693544,erkek,yesil,ceket
693559,kadin,kahverengi,bluz
693563,kadin,bej,bluz
693598,kadin,bordo,elbise
693607,erkek,kahverengi,t-shirt
693643,kadin,siyah,sweatshirt
693650,erkek,bordo,ayakkabi
693677,kadin,kahverengi,gomlek
693754,kadin,lacivert,ceket
693805,kadin,siyah,spor-ayakkabi
693806,kadin,lacivert,spor-ayakkabi
693807,kadin,beyaz,spor-ayakkabi
693904,erkek,mavi,sort
693905,erkek,lacivert,sort
693906,erkek,yesil,sort
693933,erkek,gri,spor-ayakkabi
693940,erkek,gri,ayakkabi
693948,erkek,yesil,ayakkabi
693952,erkek,bej,ayakkabi
693958,erkek,yesil,ayakkabi
693995,kadin,kahverengi,espadril
693996,kadin,bej,espadril
694033,erkek,yesil,ayakkabi
694042,erkek,kahverengi,ayakkabi
694045,kadin,lacivert,elbise
694046,kadin,beyaz,babet
694047,kadin,siyah,babet
694082,erkek,siyah,sweatshirt
694083,erkek,siyah,sweatshirt
694174,kadin,kahverengi,spor-ayakkabi
694177,erkek,kahverengi,spor-ayakkabi
694213,kadin,bej,elbise
694233,erkek,bej,pantolon
694343,kadin,beyaz,elbise
694404,kadin,lacivert,sort
694431,kadin,beyaz,ceket
694432,kadin,bej,ceket
694440,kadin,mavi,etek
694459,erkek,bej,sort
694460,erkek,mavi,sort
694468,kadin,lacivert,hirka
694471,kadin,siyah,yelek
694473,kadin,yesil,yelek
694475,kadin,siyah,yelek
694539,kadin,yesil,jean-pantolon
694541,kadin,bej,ceket
694542,kadin,lacivert,ceket
694549,kadin,bordo,elbise
694563,kadin,beyaz,atlet
694625,kadin,siyah,ceket
694627,kadin,gri,ceket
694628,kadin,lacivert,ceket
694629,kadin,gri,kazak
694630,kadin,siyah,tayt
694643,kadin,yesil,ceket
694644,kadin,lacivert,ceket
694657,kadin,beyaz,etek
694663,kadin,siyah,jean-pantolon
694665,kadin,gri,etek
694672,kadin,siyah,sweatshirt
694684,kadin,mavi,t-shirt
694723,kadin,yesil,etek
694768,kadin,lacivert,sort
694842,kadin,mavi,spor-ayakkabi
694856,kadin,mavi,t-shirt
694879,kadin,mavi,t-shirt
694888,kadin,mavi,t-shirt
694919,kadin,bordo,pantolon
694920,kadin,yesil,pantolon
694928,kadin,beyaz,sort
694930,kadin,mavi,elbise
694936,kadin,yesil,hirka
694950,kadin,bordo,elbise
694958,kadin,bordo,pantolon
694962,erkek,siyah,sweatshirt
694963,erkek,gri,sweatshirt
694965,kadin,siyah,sort
695047,kadin,bordo,spor-ayakkabi
695050,kadin,mavi,spor-ayakkabi
695064,kadin,siyah,t-shirt
695121,kadin,yesil,atlet
695125,kadin,beyaz,t-shirt
695136,erkek,gri,atlet
695137,erkek,lacivert,sort
695348,erkek,kahverengi,ayakkabi
695389,kadin,mavi,elbise
695483,kadin,beyaz,sort
695500,erkek,beyaz,jean-pantolon
695512,kadin,beyaz,spor-ayakkabi
695574,kadin,yesil,pantolon
695591,kadin,mavi,etek
695612,kadin,mavi,kazak
695621,erkek,lacivert,mont
695639,erkek,lacivert,sort
695641,erkek,yesil,sort
695648,erkek,siyah,sweatshirt
695649,erkek,lacivert,pantolon
695670,kadin,gri,spor-ayakkabi
695672,kadin,bej,spor-ayakkabi
695675,kadin,yesil,spor-ayakkabi
695679,erkek,mavi,spor-ayakkabi
695682,erkek,kahverengi,t-shirt
695711,erkek,lacivert,pantolon
695719,erkek,yesil,atlet
695753,erkek,lacivert,pantolon
695755,erkek,mavi,pantolon
695756,erkek,lacivert,sort
695814,erkek,mavi,ayakkabi
695815,erkek,gri,ayakkabi
695819,erkek,bej,ayakkabi
695820,erkek,mavi,ayakkabi
695849,erkek,mavi,ayakkabi
695850,erkek,bej,ayakkabi
695851,erkek,mavi,ayakkabi
695852,erkek,yesil,ayakkabi
695921,erkek,bej,gomlek
695942,kadin,bordo,pantolon
696005,kadin,mavi,jean-pantolon
696160,erkek,kahverengi,ayakkabi
696178,kadin,gri,spor-ayakkabi
696299,kadin,bordo,etek
696325,kadin,siyah,etek
696423,erkek,gri,pantolon
696424,erkek,gri,pantolon
696469,kadin,beyaz,elbise
696471,kadin,beyaz,elbise
696472,kadin,bej,elbise
696475,kadin,siyah,etek
696478,kadin,beyaz,etek
696479,kadin,beyaz,etek
696480,kadin,bej,etek
696481,kadin,siyah,etek
696482,kadin,gri,etek
696485,kadin,bej,atlet
696489,kadin,gri,gomlek
696498,kadin,kahverengi,atlet
696499,kadin,beyaz,hirka
696500,kadin,gri,hirka
696504,kadin,bordo,kazak
696505,kadin,beyaz,kazak
696511,kadin,gri,sweatshirt
696541,erkek,mavi,ceket
696544,erkek,lacivert,ceket
696557,erkek,bej,t-shirt
696600,kadin,yesil,elbise
696617,kadin,beyaz,ayakkabi
696622,kadin,mavi,etek
696659,kadin,lacivert,jean-pantolon
696660,kadin,mavi,elbise
696664,kadin,lacivert,etek
696685,kadin,siyah,jean-pantolon
696706,erkek,lacivert,esofman-alti
696713,kadin,beyaz,ceket
696714,kadin,beyaz,elbise
696715,kadin,bej,elbise
696716,kadin,gri,elbise
696725,kadin,gri,bluz
696726,kadin,gri,bluz
696731,kadin,bej,gomlek
696733,kadin,siyah,ceket
696734,kadin,beyaz,ceket
696736,kadin,beyaz,jean-pantolon
696740,kadin,beyaz,pantolon
696743,kadin,bordo,pantolon
696747,kadin,bej,hirka
696749,kadin,lacivert,hirka
696750,kadin,bej,hirka
696752,kadin,bej,hirka
696755,kadin,bordo,hirka
696757,kadin,beyaz,kazak
696758,kadin,beyaz,kazak
696759,kadin,siyah,kazak
696760,kadin,siyah,kazak
696761,kadin,siyah,kazak
696762,kadin,siyah,yelek
696763,kadin,gri,sweatshirt
696764,kadin,siyah,sweatshirt
696768,kadin,lacivert,sweatshirt
696772,kadin,gri,t-shirt
696773,kadin,beyaz,sweatshirt
696787,kadin,bordo,hirka
696791,erkek,bej,ayakkabi
696825,erkek,mavi,pantolon
696831,kadin,lacivert,spor-ayakkabi
696841,erkek,gri,ayakkabi
696863,erkek,siyah,sort
697006,erkek,siyah,sweatshirt
697037,erkek,bej,gomlek
697053,erkek,mavi,sort
697054,kadin,beyaz,ayakkabi
697055,kadin,siyah,ayakkabi
697086,erkek,siyah,pantolon
697167,kadin,beyaz,pantolon
697218,erkek,beyaz,ayakkabi
697231,erkek,gri,spor-ayakkabi
697234,kadin,siyah,spor-ayakkabi
697236,kadin,beyaz,t-shirt
697245,kadin,yesil,ayakkabi
697296,erkek,beyaz,ayakkabi
697297,erkek,beyaz,ayakkabi
697298,erkek,beyaz,ayakkabi
697299,kadin,bordo,pantolon
697345,erkek,siyah,atlet
697347,erkek,siyah,atlet
697358,erkek,bej,t-shirt
697379,erkek,bordo,t-shirt
697381,erkek,bej,t-shirt
697387,erkek,bej,t-shirt
697390,erkek,bordo,t-shirt
697403,erkek,gri,sweatshirt
697404,erkek,mavi,sweatshirt
697405,erkek,mavi,sweatshirt
697406,erkek,mavi,sweatshirt
697407,erkek,gri,esofman-takim
697571,erkek,bej,t-shirt
697669,kadin,yesil,ayakkabi
697707,kadin,bej,pantolon
697794,kadin,bej,pantolon
697854,erkek,yesil,sort
697856,erkek,bej,t-shirt
697897,erkek,bordo,t-shirt
698323,kadin,beyaz,zip-ceket
698327,erkek,kahverengi,t-shirt
698357,kadin,bej,bluz
698375,erkek,siyah,ayakkabi
698376,erkek,siyah,ayakkabi
698466,kadin,gri,bluz
698471,erkek,siyah,ayakkabi
698472,erkek,beyaz,ayakkabi
698525,kadin,bej,bluz
698526,kadin,lacivert,bluz
698532,kadin,kahverengi,bluz
698659,erkek,yesil,pantolon
698683,erkek,siyah,kazak
698705,erkek,bej,t-shirt
698747,erkek,mavi,takim-elbise
698766,kadin,mavi,ceket
698831,erkek,mavi,pantolon
698834,erkek,beyaz,sort
698835,erkek,lacivert,sort
698836,erkek,mavi,sort
698838,erkek,bej,pantolon
698845,kadin,beyaz,sort
698864,erkek,mavi,ayakkabi
698865,kadin,bordo,espadril
698866,kadin,yesil,espadril
698961,erkek,kahverengi,spor-ayakkabi
699001,kadin,mavi,sort
699023,erkek,mavi,spor-ayakkabi
699024,erkek,yesil,spor-ayakkabi
699027,kadin,beyaz,spor-ayakkabi
699028,kadin,beyaz,spor-ayakkabi
699039,erkek,gri,ayakkabi
699041,erkek,gri,spor-ayakkabi
699047,erkek,siyah,sort
699048,erkek,siyah,pantolon
699050,erkek,siyah,pantolon
699051,erkek,beyaz,sort
699077,erkek,siyah,spor-ayakkabi
699078,erkek,mavi,spor-ayakkabi
699079,erkek,siyah,spor-ayakkabi
699093,erkek,mavi,spor-ayakkabi
699136,kadin,siyah,jean-pantolon
699138,kadin,siyah,jean-pantolon
699139,kadin,lacivert,jean-pantolon
699141,kadin,lacivert,jean-pantolon
699148,kadin,gri,jean-pantolon
699150,kadin,gri,jean-pantolon
699162,kadin,siyah,spor-ayakkabi
699164,kadin,mavi,spor-ayakkabi
699169,erkek,kahverengi,spor-ayakkabi
699268,kadin,siyah,elbise
699313,kadin,siyah,bluz
699427,erkek,kahverengi,sort
699440,erkek,yesil,sort
699441,erkek,yesil,sort
699472,erkek,bej,sort
699478,erkek,lacivert,mont
699492,kadin,lacivert,spor-ayakkabi
699496,kadin,lacivert,gomlek
699501,kadin,bordo,t-shirt
699503,kadin,yesil,sort
699506,kadin,bordo,sweatshirt
699507,kadin,bej,etek
699508,kadin,gri,sort
699509,kadin,yesil,t-shirt
699530,kadin,lacivert,spor-ayakkabi
699532,kadin,lacivert,spor-ayakkabi
699559,kadin,gri,t-shirt
699569,kadin,mavi,etek
699571,kadin,mavi,yelek
699575,kadin,siyah,jean-pantolon
699577,kadin,lacivert,jean-pantolon
699578,kadin,lacivert,jean-pantolon
699581,kadin,gri,jean-pantolon
699583,kadin,gri,jean-pantolon
699705,kadin,gri,spor-ayakkabi
699706,kadin,siyah,spor-ayakkabi
699707,kadin,beyaz,spor-ayakkabi
700386,kadin,gri,ayakkabi
700388,kadin,yesil,ayakkabi
700462,kadin,siyah,ayakkabi
700464,kadin,beyaz,ayakkabi
700473,kadin,siyah,ayakkabi
700475,kadin,beyaz,ayakkabi
700539,kadin,yesil,pantolon
700578,kadin,beyaz,pantolon
700589,kadin,bordo,bluz
700595,kadin,gri,jean-pantolon
700638,erkek,kahverengi,ayakkabi
700640,erkek,lacivert,ayakkabi
700662,kadin,lacivert,spor-ayakkabi
700668,kadin,mavi,spor-ayakkabi
700671,erkek,bej,ayakkabi
700674,erkek,lacivert,ayakkabi
700689,erkek,gri,spor-ayakkabi
700694,erkek,lacivert,ceket
700695,erkek,yesil,spor-ayakkabi
700719,erkek,lacivert,ayakkabi
700741,erkek,lacivert,ayakkabi
700742,erkek,beyaz,spor-ayakkabi
700745,erkek,beyaz,spor-ayakkabi
700746,kadin,kahverengi,spor-ayakkabi
700755,erkek,lacivert,takim-elbise
700760,erkek,siyah,spor-ayakkabi
700761,erkek,siyah,spor-ayakkabi
700850,erkek,gri,takim-elbise
700870,erkek,siyah,t-shirt
700871,erkek,bej,sort
700874,erkek,lacivert,sort
701005,kadin,siyah,sweatshirt
701007,kadin,beyaz,t-shirt
701008,kadin,siyah,t-shirt
701009,erkek,gri,sort
701011,kadin,lacivert,t-shirt
701012,kadin,beyaz,spor-ayakkabi
701017,kadin,siyah,spor-ayakkabi
701018,kadin,lacivert,spor-ayakkabi
701044,erkek,bej,t-shirt
701060,erkek,kahverengi,t-shirt
701072,kadin,yesil,ceket
701073,kadin,siyah,bluz
701082,kadin,mavi,gomlek
701084,kadin,mavi,bluz
701087,kadin,mavi,elbise
701094,kadin,yesil,t-shirt
701099,kadin,yesil,t-shirt
701102,kadin,gri,t-shirt
701104,kadin,yesil,t-shirt
701112,kadin,lacivert,elbise
701115,erkek,lacivert,sort
701130,erkek,yesil,pantolon
701146,kadin,siyah,pantolon
701147,kadin,yesil,pantolon
701148,kadin,bej,pantolon
701149,kadin,yesil,pantolon
701154,kadin,mavi,bluz
701157,kadin,siyah,atlet
701158,kadin,mavi,atlet
701160,kadin,siyah,t-shirt
701163,erkek,gri,sort
701164,erkek,mavi,sort
701166,erkek,siyah,esofman-alti
701167,kadin,siyah,tayt
701168,erkek,gri,sweatshirt
701169,erkek,siyah,sweatshirt
701171,erkek,beyaz,spor-ayakkabi
701177,kadin,mavi,bluz
701178,kadin,beyaz,bluz
701184,kadin,beyaz,jean-pantolon
701200,erkek,yesil,ayakkabi
701201,kadin,yesil,bluz
701219,kadin,lacivert,kazak
701221,kadin,bordo,bluz
701223,kadin,siyah,elbise
701261,kadin,kahverengi,elbise
701265,kadin,yesil,bluz
701266,kadin,lacivert,bluz
701268,kadin,beyaz,bluz
701269,kadin,yesil,bluz
701305,kadin,siyah,bluz
701306,kadin,bordo,bluz
701315,kadin,yesil,bluz
701316,kadin,siyah,atlet
701321,kadin,beyaz,bluz
701323,kadin,bej,elbise
701358,erkek,beyaz,t-shirt
701444,erkek,mavi,sort
701445,erkek,yesil,t-shirt
701447,erkek,mavi,t-shirt
701454,kadin,mavi,ceket
701455,kadin,lacivert,ceket
701456,kadin,siyah,pantolon
701464,kadin,siyah,elbise
701468,kadin,siyah,elbise
701473,kadin,bordo,bluz
701478,kadin,mavi,bluz
701520,erkek,beyaz,yelek
701523,kadin,mavi,atlet
701529,erkek,mavi,atlet
701542,erkek,beyaz,sort
701554,erkek,mavi,spor-ayakkabi
701557,erkek,yesil,spor-ayakkabi
701558,erkek,mavi,spor-ayakkabi
701561,erkek,mavi,spor-ayakkabi
701602,kadin,lacivert,bluz
701606,erkek,yesil,t-shirt
701607,erkek,bordo,t-shirt
701608,kadin,kahverengi,ayakkabi
701642,kadin,lacivert,elbise
701644,kadin,bordo,ceket
701668,kadin,siyah,elbise
701670,kadin,yesil,elbise
701673,kadin,siyah,tulum
701675,kadin,siyah,pantolon
701681,kadin,bordo,bluz
701682,kadin,lacivert,pantolon
701683,kadin,siyah,pantolon
701685,kadin,siyah,ceket
701763,kadin,lacivert,t-shirt
701766,kadin,yesil,t-shirt
701774,erkek,lacivert,spor-ayakkabi
701775,erkek,gri,spor-ayakkabi
701780,kadin,lacivert,spor-ayakkabi
701781,kadin,siyah,t-shirt
701784,erkek,yesil,spor-ayakkabi
701785,erkek,yesil,spor-ayakkabi
701786,kadin,siyah,spor-ayakkabi
701788,kadin,beyaz,t-shirt
701790,kadin,lacivert,t-shirt
701791,kadin,beyaz,t-shirt
701795,kadin,yesil,spor-ayakkabi
701797,kadin,gri,spor-ayakkabi
701805,kadin,beyaz,spor-ayakkabi
701806,kadin,beyaz,spor-ayakkabi
701812,kadin,gri,spor-ayakkabi
701825,kadin,beyaz,spor-ayakkabi
701829,kadin,siyah,spor-ayakkabi
701830,kadin,beyaz,spor-ayakkabi
701835,kadin,beyaz,ayakkabi
701867,kadin,siyah,bluz
701871,erkek,beyaz,spor-ayakkabi
701873,erkek,siyah,spor-ayakkabi
701874,kadin,gri,spor-ayakkabi
701875,erkek,mavi,pantolon
701876,erkek,gri,gomlek
701877,erkek,beyaz,gomlek
701880,erkek,siyah,t-shirt
701881,erkek,mavi,t-shirt
701882,erkek,beyaz,t-shirt
701883,erkek,mavi,t-shirt
701884,erkek,yesil,t-shirt
701885,erkek,siyah,t-shirt
701886,erkek,gri,spor-ayakkabi
701892,kadin,beyaz,gomlek
701898,kadin,beyaz,bluz
701902,kadin,yesil,bluz
701924,kadin,siyah,spor-ayakkabi
702126,erkek,beyaz,sweatshirt
702127,kadin,siyah,sort
702128,kadin,siyah,sort
702129,kadin,siyah,t-shirt
702130,kadin,gri,t-shirt
702134,erkek,yesil,spor-ayakkabi
702136,kadin,siyah,spor-ayakkabi
702139,erkek,siyah,spor-ayakkabi
702141,erkek,siyah,spor-ayakkabi
702142,erkek,beyaz,spor-ayakkabi
702162,erkek,lacivert,takim-elbise
702163,erkek,siyah,takim-elbise
702164,erkek,lacivert,takim-elbise
702165,erkek,lacivert,ceket
702213,erkek,siyah,gomlek
702225,erkek,siyah,gomlek
702228,erkek,siyah,gomlek
702237,erkek,siyah,gomlek
702244,erkek,yesil,pantolon
702245,erkek,kahverengi,pantolon
702249,erkek,beyaz,pantolon
702254,erkek,kahverengi,gomlek
702262,erkek,gri,sort
702269,erkek,lacivert,sort
702272,erkek,gri,sort
702274,erkek,yesil,sort
702275,erkek,siyah,sort
702290,erkek,mavi,sort
702299,erkek,mavi,t-shirt
702303,erkek,gri,sweatshirt
702310,erkek,siyah,sort
702312,erkek,lacivert,t-shirt
702315,erkek,lacivert,t-shirt
702316,erkek,beyaz,t-shirt
702317,erkek,lacivert,t-shirt
702318,erkek,beyaz,t-shirt
702322,erkek,kahverengi,pantolon
702326,erkek,bordo,gomlek
702327,erkek,bordo,gomlek
702336,erkek,kahverengi,gomlek
702340,erkek,kahverengi,gomlek
702347,kadin,siyah,t-shirt
702356,kadin,lacivert,pantolon
702365,kadin,siyah,etek
702368,kadin,yesil,elbise
702377,kadin,lacivert,atlet
702382,erkek,bej,sort
702404,erkek,bordo,gomlek
702410,erkek,gri,pantolon
702414,erkek,kahverengi,takim-elbise
702415,erkek,gri,takim-elbise
702416,erkek,lacivert,takim-elbise
702417,erkek,beyaz,pantolon
702419,erkek,mavi,sort
702421,erkek,siyah,takim-elbise
702422,erkek,gri,t-shirt
702423,erkek,gri,t-shirt
702424,erkek,gri,t-shirt
702425,erkek,beyaz,t-shirt
702426,kadin,lacivert,atlet
702430,erkek,gri,gomlek
702432,erkek,bej,gomlek
702433,kadin,bordo,t-shirt
702434,kadin,beyaz,t-shirt
702435,kadin,bordo,t-shirt
702436,kadin,lacivert,t-shirt
702437,kadin,beyaz,etek
702438,kadin,lacivert,elbise
702439,kadin,mavi,jean-pantolon
702440,kadin,gri,t-shirt
702477,erkek,yesil,mont
702482,erkek,bej,mont
702499,erkek,siyah,pantolon
702502,erkek,gri,sort
702504,erkek,yesil,sort
702512,erkek,bordo,t-shirt
702514,erkek,bordo,t-shirt
702533,erkek,yesil,kazak
702535,erkek,lacivert,kazak
702574,erkek,siyah,t-shirt
702579,erkek,bordo,t-shirt
702584,erkek,bordo,t-shirt
702607,erkek,beyaz,t-shirt
702609,erkek,lacivert,t-shirt
702618,erkek,lacivert,mont
702621,erkek,gri,gomlek
702626,erkek,kahverengi,gomlek
702637,erkek,bordo,gomlek
702647,erkek,lacivert,gomlek
702648,erkek,gri,gomlek
702655,erkek,lacivert,gomlek
702659,erkek,gri,gomlek
702665,kadin,bordo,t-shirt
702666,kadin,lacivert,etek
702668,kadin,lacivert,elbise
702698,erkek,kahverengi,t-shirt
702700,erkek,mavi,pantolon
702701,erkek,beyaz,pantolon
702703,erkek,gri,pantolon
702704,erkek,kahverengi,pantolon
702706,erkek,kahverengi,pantolon
702708,erkek,yesil,pantolon
702709,erkek,kahverengi,pantolon
702710,erkek,gri,t-shirt
702731,erkek,siyah,t-shirt
702738,erkek,beyaz,t-shirt
702739,erkek,gri,t-shirt
702745,erkek,gri,t-shirt
702748,erkek,beyaz,t-shirt
702751,erkek,siyah,t-shirt
702759,erkek,siyah,t-shirt
702773,erkek,beyaz,t-shirt
702774,erkek,lacivert,t-shirt
702779,erkek,lacivert,pantolon
702782,kadin,yesil,sort
702783,kadin,bordo,t-shirt
702786,kadin,mavi,t-shirt
702793,kadin,kahverengi,elbise
702835,kadin,beyaz,t-shirt
702844,kadin,gri,sweatshirt
702852,kadin,mavi,jean-pantolon
702853,kadin,mavi,jean-pantolon
702854,kadin,mavi,jean-pantolon
702859,erkek,yesil,gomlek
702872,erkek,gri,takim-elbise
702880,kadin,beyaz,t-shirt
702883,kadin,lacivert,bluz
702885,kadin,siyah,bluz
702886,kadin,bordo,kazak
702887,kadin,lacivert,kazak
702889,kadin,siyah,kazak
702890,kadin,bordo,kazak
702891,kadin,siyah,kazak
702910,erkek,beyaz,gomlek
702958,erkek,siyah,takim-elbise
702960,erkek,yesil,pantolon
702963,erkek,siyah,pantolon
702969,erkek,lacivert,takim-elbise
702970,erkek,siyah,takim-elbise
702980,erkek,lacivert,t-shirt
702981,erkek,yesil,t-shirt
702982,erkek,beyaz,pantolon
702983,erkek,lacivert,pantolon
702984,erkek,bej,pantolon
702989,kadin,mavi,pantolon
703056,kadin,beyaz,elbise
703057,kadin,lacivert,tulum
703074,erkek,mavi,pantolon
703075,erkek,gri,pantolon
703114,erkek,yesil,t-shirt
703123,erkek,yesil,t-shirt
703124,erkek,beyaz,t-shirt
703125,erkek,yesil,gomlek
703126,erkek,lacivert,t-shirt
703127,erkek,gri,sort
703128,erkek,gri,t-shirt
703129,erkek,siyah,t-shirt
703132,erkek,siyah,ayakkabi
703142,erkek,gri,t-shirt
703143,erkek,mavi,t-shirt
703206,kadin,siyah,ayakkabi
703220,erkek,lacivert,ayakkabi
703222,erkek,siyah,ayakkabi
703233,erkek,beyaz,gomlek
703243,erkek,mavi,t-shirt
703244,erkek,yesil,gomlek
703245,erkek,yesil,t-shirt
703259,erkek,mavi,t-shirt
703263,erkek,mavi,t-shirt
703265,erkek,bej,t-shirt
703267,erkek,yesil,t-shirt
703268,erkek,beyaz,gomlek
703271,erkek,lacivert,gomlek
703272,erkek,beyaz,gomlek
703273,erkek,lacivert,gomlek
703285,erkek,bordo,gomlek
703296,erkek,lacivert,gomlek
703298,erkek,siyah,sort
703299,erkek,lacivert,t-shirt
703308,erkek,bej,pantolon
703309,erkek,lacivert,pantolon
703311,erkek,lacivert,pantolon
703328,erkek,mavi,sort
703380,erkek,lacivert,pantolon
703381,erkek,siyah,pantolon
703386,erkek,gri,t-shirt
703388,erkek,mavi,gomlek
703414,erkek,yesil,t-shirt
703415,erkek,bordo,t-shirt
703416,erkek,mavi,t-shirt
703462,erkek,siyah,t-shirt
703464,erkek,siyah,t-shirt
703466,kadin,siyah,ayakkabi
703467,kadin,beyaz,ayakkabi
703468,kadin,siyah,ayakkabi
703469,kadin,mavi,ayakkabi
703470,kadin,mavi,ayakkabi
703471,erkek,yesil,gomlek
703472,erkek,mavi,gomlek
703473,erkek,yesil,gomlek
703487,erkek,mavi,t-shirt
703488,erkek,gri,t-shirt
703490,erkek,mavi,gomlek
703498,kadin,mavi,spor-ayakkabi
703499,kadin,siyah,spor-ayakkabi
703547,kadin,mavi,spor-ayakkabi
84824,kadin,kahverengi,hirka
87680,kadin,bej,sort
91062,erkek,yesil,bot
91066,erkek,yesil,bot
91171,kadin,bej,yelek
91172,kadin,lacivert,yelek
91716,erkek,siyah,bot
91719,erkek,siyah,bot
91720,erkek,beyaz,bot
95540,kadin,bej,jean-pantolon
97879,erkek,siyah,yelek
97880,erkek,yesil,yelek
98167,kadin,kahverengi,zip-ceket
98681,erkek,bordo,yelek
98686,erkek,bordo,mont
98690,erkek,mavi,mont
99823,erkek,beyaz,kazak
99855,erkek,yesil,kazak
99863,erkek,bej,kazak
